customer_id,churn_probability,risk_segment,top_driver_1,top_driver_2,top_driver_3,retention_strategy,annual_revenue
CUST_0001,0.3227671176368137,Low,num__monthly_charges,num__total_charges,num__num_support_tickets,General Outreach,248.53
CUST_0002,0.5828042123108033,Medium,num__monthly_charges,num__num_support_tickets,num__total_charges,General Outreach,279.14
CUST_0003,0.6523951871682029,Medium,num__monthly_charges,num__num_support_tickets,cat__payment_method_Credit card,General Outreach,1172.58
CUST_0004,0.6077730887084679,Medium,num__monthly_charges,num__num_support_tickets,cat__contract_type_Month-to-month,General Outreach,372.4
CUST_0005,0.4641649651929016,Medium,num__num_support_tickets,cat__contract_type_Month-to-month,cat__location_New York,General Outreach,983.83
CUST_0006,0.38087716288616164,Low,num__num_support_tickets,num__monthly_charges,cat__contract_type_One year,General Outreach,738.53
CUST_0007,0.6242272560275997,Medium,num__monthly_charges,num__total_charges,num__tenure_months,General Outreach,1156.88
CUST_0008,0.6839538090791293,Medium,num__monthly_charges,num__num_support_tickets,num__tenure_months,General Outreach,1296.78
CUST_0009,0.5766249727835491,Medium,num__monthly_charges,num__num_support_tickets,num__total_charges,General Outreach,585.44
CUST_0010,0.6153547153776505,Medium,num__num_support_tickets,cat__contract_type_Month-to-month,num__total_charges,General Outreach,792.29
CUST_0011,0.45552356417359025,Medium,num__num_support_tickets,num__monthly_charges,cat__payment_method_Electronic check,General Outreach,748.28
CUST_0012,0.4869038217054773,Medium,num__monthly_charges,num__num_support_tickets,cat__payment_method_Credit card,General Outreach,402.03
CUST_0013,0.5114904076284558,Medium,num__monthly_charges,num__num_support_tickets,cat__contract_type_One year,General Outreach,1315.67
CUST_0014,0.37541386017024664,Low,num__monthly_charges,cat__contract_type_Month-to-month,num__tenure_months,General Outreach,249.75
CUST_0015,0.7775718795171109,High,num__monthly_charges,num__num_support_tickets,num__tenure_months,General Outreach,1406.61
CUST_0016,0.6096538932333159,Medium,num__monthly_charges,num__num_support_tickets,cat__contract_type_One year,General Outreach,1327.31
CUST_0017,0.38041025228582626,Low,num__num_support_tickets,num__monthly_charges,num__total_charges,General Outreach,508.47
CUST_0018,0.7648426837332473,High,num__monthly_charges,num__num_support_tickets,cat__contract_type_Month-to-month,General Outreach,1267.71
CUST_0019,0.779269937160338,High,num__monthly_charges,cat__contract_type_Month-to-month,num__num_support_tickets,General Outreach,1219.09
CUST_0020,0.34877346161455175,Low,num__monthly_charges,num__num_support_tickets,num__total_charges,General Outreach,293.34
CUST_0021,0.4227859939342197,Medium,num__monthly_charges,num__num_support_tickets,cat__location_New York,General Outreach,496.35
CUST_0022,0.6496973192669814,Medium,cat__contract_type_Month-to-month,num__monthly_charges,num__total_charges,General Outreach,678.87
CUST_0023,0.6554321020647673,Medium,num__num_support_tickets,num__monthly_charges,cat__payment_method_Credit card,General Outreach,745.61
CUST_0024,0.38866096457377375,Low,num__monthly_charges,num__num_support_tickets,num__total_charges,General Outreach,287.49
CUST_0025,0.482343511543684,Medium,num__num_support_tickets,num__monthly_charges,num__tenure_months,General Outreach,996.93
CUST_0026,0.396746982446841,Low,num__monthly_charges,num__num_support_tickets,cat__payment_method_Credit card,General Outreach,449.34
CUST_0027,0.645475645628662,Medium,num__num_support_tickets,num__tenure_months,num__total_charges,General Outreach,744.64
CUST_0028,0.3690781908921673,Low,num__monthly_charges,num__num_support_tickets,cat__contract_type_One year,General Outreach,595.0
CUST_0029,0.7909171248331882,High,num__monthly_charges,num__num_support_tickets,cat__contract_type_Month-to-month,General Outreach,1432.94
CUST_0030,0.32864594022065335,Low,num__monthly_charges,cat__location_New York,cat__contract_type_One year,General Outreach,460.21
CUST_0031,0.2827639880478923,Low,num__monthly_charges,num__num_support_tickets,num__total_charges,General Outreach,273.09
CUST_0032,0.41783851635690755,Medium,num__monthly_charges,num__num_support_tickets,cat__contract_type_Month-to-month,General Outreach,352.34
CUST_0033,0.2872847833743854,Low,num__num_support_tickets,num__monthly_charges,num__total_charges,General Outreach,574.59
CUST_0034,0.7825042173915522,High,num__monthly_charges,num__num_support_tickets,cat__contract_type_Month-to-month,General Outreach,1454.02
CUST_0035,0.46286401388050363,Medium,num__monthly_charges,cat__contract_type_Month-to-month,num__total_charges,General Outreach,461.95
CUST_0036,0.4293434953006424,Medium,num__monthly_charges,num__total_charges,num__num_support_tickets,General Outreach,544.46
CUST_0037,0.3121634473942277,Low,num__monthly_charges,num__tenure_months,cat__contract_type_Month-to-month,General Outreach,696.28
CUST_0038,0.8297535365845299,High,num__num_support_tickets,num__monthly_charges,cat__contract_type_Month-to-month,General Outreach,1088.62
CUST_0039,0.8023569018387595,High,num__num_support_tickets,num__tenure_months,num__total_charges,General Outreach,904.83
CUST_0040,0.5516956870568315,Medium,num__monthly_charges,cat__contract_type_One year,cat__contract_type_Month-to-month,General Outreach,1070.66
CUST_0041,0.7032141675451521,High,num__num_support_tickets,cat__contract_type_Month-to-month,num__monthly_charges,General Outreach,761.68
CUST_0042,0.6981902243671194,Medium,num__num_support_tickets,cat__payment_method_Credit card,num__monthly_charges,General Outreach,747.08
CUST_0043,0.6726781661051351,Medium,cat__contract_type_Month-to-month,cat__payment_method_Credit card,num__age,General Outreach,888.27
CUST_0044,0.3502330114886683,Low,num__monthly_charges,num__num_support_tickets,num__total_charges,General Outreach,574.98
CUST_0045,0.3031321821959155,Low,num__monthly_charges,num__num_support_tickets,cat__location_New York,General Outreach,393.66
CUST_0046,0.7293144340066935,High,num__num_support_tickets,num__tenure_months,num__total_charges,General Outreach,802.84
CUST_0047,0.4090066911253781,Medium,num__num_support_tickets,num__tenure_months,num__monthly_charges,General Outreach,814.11
CUST_0048,0.36835160787784493,Low,num__monthly_charges,num__total_charges,cat__contract_type_One year,General Outreach,550.82
CUST_0049,0.537242141631679,Medium,num__monthly_charges,num__num_support_tickets,cat__location_New York,General Outreach,686.67
CUST_0050,0.22835648929658345,Low,num__num_support_tickets,num__monthly_charges,num__tenure_months,General Outreach,690.48
CUST_0051,0.7153203366795813,High,num__num_support_tickets,cat__contract_type_Month-to-month,num__total_charges,General Outreach,883.75
CUST_0052,0.4123296132250296,Medium,num__num_support_tickets,num__monthly_charges,cat__payment_method_Credit card,General Outreach,1130.17
CUST_0053,0.8214771468856482,High,num__monthly_charges,num__num_support_tickets,cat__contract_type_Month-to-month,General Outreach,962.73
CUST_0054,0.5451245342772154,Medium,num__monthly_charges,cat__contract_type_Month-to-month,num__num_support_tickets,General Outreach,570.55
CUST_0055,0.6699961831998241,Medium,num__num_support_tickets,num__monthly_charges,cat__contract_type_Month-to-month,General Outreach,1257.32
CUST_0056,0.4420368641207596,Medium,num__tenure_months,num__total_charges,cat__contract_type_One year,General Outreach,855.89
CUST_0057,0.7187689524304723,High,num__num_support_tickets,num__tenure_months,num__total_charges,General Outreach,915.13
CUST_0058,0.8569608358348886,High,num__num_support_tickets,num__monthly_charges,cat__contract_type_Month-to-month,General Outreach,1140.43
CUST_0059,0.16828719403332512,Low,num__monthly_charges,num__num_support_tickets,num__total_charges,General Outreach,343.61
CUST_0060,0.4931890367180474,Medium,num__monthly_charges,num__num_support_tickets,num__tenure_months,General Outreach,479.14
CUST_0061,0.38403209130253696,Low,num__num_support_tickets,num__monthly_charges,cat__payment_method_Credit card,General Outreach,594.65
CUST_0062,0.5375170789407117,Medium,num__monthly_charges,num__total_charges,num__num_support_tickets,General Outreach,1220.93
CUST_0063,0.6637858815909917,Medium,num__monthly_charges,num__total_charges,num__tenure_months,General Outreach,1448.86
CUST_0064,0.4321851747106598,Medium,num__monthly_charges,num__total_charges,num__num_support_tickets,General Outreach,602.71
CUST_0065,0.6378077577956187,Medium,num__monthly_charges,cat__contract_type_Month-to-month,cat__location_Los Angeles,General Outreach,1131.43
CUST_0066,0.31846973688334285,Low,num__monthly_charges,num__num_support_tickets,num__tenure_months,General Outreach,626.75
CUST_0067,0.5593412555508368,Medium,num__monthly_charges,num__num_support_tickets,cat__contract_type_Month-to-month,General Outreach,659.94
CUST_0068,0.898414100856761,High,num__tenure_months,num__num_support_tickets,num__total_charges,General Outreach,1015.4
CUST_0069,0.8179198702893363,High,num__num_support_tickets,cat__contract_type_Month-to-month,cat__location_New York,General Outreach,771.8
CUST_0070,0.6902620178161335,Medium,num__num_support_tickets,num__tenure_months,num__total_charges,General Outreach,859.81
CUST_0071,0.631386845658438,Medium,num__num_support_tickets,num__monthly_charges,cat__contract_type_Month-to-month,General Outreach,660.77
CUST_0072,0.4721206179589668,Medium,num__monthly_charges,num__num_support_tickets,num__total_charges,General Outreach,522.65
CUST_0073,0.7197296018739633,High,num__monthly_charges,num__num_support_tickets,cat__payment_method_Credit card,General Outreach,1030.37
CUST_0074,0.3376389350798717,Low,num__monthly_charges,cat__contract_type_Month-to-month,num__tenure_months,General Outreach,466.06
CUST_0075,0.2825734113189319,Low,num__monthly_charges,num__tenure_months,num__num_support_tickets,General Outreach,392.39
CUST_0076,0.5481070959201364,Medium,num__monthly_charges,num__num_support_tickets,num__total_charges,General Outreach,275.8
CUST_0077,0.4773704046479459,Medium,num__total_charges,num__tenure_months,cat__payment_method_Electronic check,General Outreach,794.28
CUST_0078,0.34992492569875333,Low,num__monthly_charges,num__num_support_tickets,cat__payment_method_Credit card,General Outreach,664.75
CUST_0079,0.14474240500421934,Low,num__monthly_charges,num__num_support_tickets,num__tenure_months,General Outreach,370.95
CUST_0080,0.35626803581196537,Low,num__monthly_charges,num__num_support_tickets,num__total_charges,General Outreach,312.69
CUST_0081,0.43362107641865344,Medium,num__num_support_tickets,num__monthly_charges,cat__payment_method_Credit card,General Outreach,782.39
CUST_0082,0.3272038391270252,Low,num__num_support_tickets,num__tenure_months,num__monthly_charges,General Outreach,751.15
CUST_0083,0.4736109456397452,Medium,num__monthly_charges,num__total_charges,num__num_support_tickets,General Outreach,1153.39
CUST_0084,0.40095259855041104,Medium,num__monthly_charges,cat__contract_type_Month-to-month,num__tenure_months,General Outreach,619.74
CUST_0085,0.42247764699662604,Medium,num__num_support_tickets,num__tenure_months,num__total_charges,General Outreach,892.25
CUST_0086,0.6052448703042218,Medium,num__monthly_charges,cat__contract_type_One year,cat__location_Los Angeles,General Outreach,1319.21
CUST_0087,0.6451927062554516,Medium,num__monthly_charges,num__total_charges,num__tenure_months,General Outreach,420.73
CUST_0088,0.3604325469641208,Low,num__monthly_charges,num__num_support_tickets,num__total_charges,General Outreach,1243.59
CUST_0089,0.610846607716577,Medium,num__num_support_tickets,num__monthly_charges,cat__payment_method_Credit card,General Outreach,900.07
CUST_0090,0.6238951161629849,Medium,num__monthly_charges,num__total_charges,num__num_support_tickets,General Outreach,1468.82
CUST_0091,0.3563514142291027,Low,num__monthly_charges,num__num_support_tickets,cat__payment_method_Credit card,General Outreach,679.04
CUST_0092,0.813562703435899,High,num__num_support_tickets,num__monthly_charges,cat__contract_type_Month-to-month,General Outreach,976.0
CUST_0093,0.636474079553518,Medium,num__monthly_charges,num__num_support_tickets,cat__payment_method_Electronic check,General Outreach,1010.82
CUST_0094,0.6856733794301857,Medium,num__monthly_charges,num__num_support_tickets,cat__location_New York,General Outreach,1459.98
CUST_0095,0.14833763078471815,Low,num__monthly_charges,num__num_support_tickets,num__total_charges,General Outreach,249.56
CUST_0096,0.8025804637160623,High,num__num_support_tickets,num__monthly_charges,cat__payment_method_Credit card,General Outreach,1057.62
CUST_0097,0.7258118281923541,High,num__monthly_charges,cat__contract_type_Month-to-month,cat__location_Los Angeles,General Outreach,1089.07
CUST_0098,0.6785740005560897,Medium,num__monthly_charges,num__tenure_months,cat__payment_method_Electronic check,General Outreach,1281.7
CUST_0099,0.6003181257879842,Medium,num__monthly_charges,num__num_support_tickets,cat__contract_type_Month-to-month,General Outreach,1291.84
CUST_0100,0.8166276577227176,High,num__monthly_charges,num__num_support_tickets,num__tenure_months,General Outreach,1157.59
CUST_0101,0.15116171244259277,Low,num__monthly_charges,num__num_support_tickets,cat__payment_method_Electronic check,General Outreach,357.23
CUST_0102,0.16015264338479218,Low,num__monthly_charges,num__num_support_tickets,num__total_charges,General Outreach,350.86
CUST_0103,0.683281540970946,Medium,num__num_support_tickets,num__monthly_charges,num__total_charges,General Outreach,1095.21
CUST_0104,0.6392978508336491,Medium,num__monthly_charges,num__total_charges,cat__location_New York,General Outreach,1351.8
CUST_0105,0.40816205560320973,Medium,num__monthly_charges,num__num_support_tickets,num__total_charges,General Outreach,1240.02
CUST_0106,0.31811197781725553,Low,num__monthly_charges,num__num_support_tickets,num__tenure_months,General Outreach,282.99
CUST_0107,0.5483048313744571,Medium,num__num_support_tickets,num__monthly_charges,num__age,General Outreach,679.79
CUST_0108,0.40383761454606987,Medium,num__monthly_charges,num__num_support_tickets,num__total_charges,General Outreach,393.45
CUST_0109,0.5515417903206608,Medium,num__monthly_charges,num__num_support_tickets,num__total_charges,General Outreach,276.44
CUST_0110,0.269539112665135,Low,num__num_support_tickets,num__total_charges,num__tenure_months,General Outreach,848.18
CUST_0111,0.5887873920401872,Medium,num__num_support_tickets,cat__contract_type_Month-to-month,num__monthly_charges,General Outreach,724.82
CUST_0112,0.7112921362561483,High,num__monthly_charges,num__num_support_tickets,num__total_charges,General Outreach,1413.51
CUST_0113,0.33006182956571006,Low,num__monthly_charges,num__tenure_months,cat__contract_type_One year,General Outreach,766.08
CUST_0114,0.6970264644513853,Medium,num__monthly_charges,num__num_support_tickets,cat__contract_type_Month-to-month,General Outreach,734.89
CUST_0115,0.3651771825665997,Low,num__monthly_charges,num__num_support_tickets,num__tenure_months,General Outreach,288.43
CUST_0116,0.38008692797036603,Low,num__monthly_charges,num__num_support_tickets,cat__payment_method_Electronic check,General Outreach,659.56
CUST_0117,0.6625031017495608,Medium,num__monthly_charges,num__tenure_months,cat__payment_method_Electronic check,General Outreach,1264.75
CUST_0118,0.5382881428613968,Medium,num__monthly_charges,num__total_charges,num__tenure_months,General Outreach,411.39
CUST_0119,0.5342983816532144,Medium,num__monthly_charges,num__total_charges,num__tenure_months,General Outreach,339.02
CUST_0120,0.41704525424987143,Medium,num__monthly_charges,num__num_support_tickets,num__total_charges,General Outreach,407.27
CUST_0121,0.2128554390314652,Low,num__monthly_charges,num__num_support_tickets,cat__contract_type_One year,General Outreach,523.65
CUST_0122,0.4326804308749043,Medium,num__monthly_charges,num__num_support_tickets,num__total_charges,General Outreach,484.56
CUST_0123,0.5862208058823328,Medium,num__monthly_charges,cat__contract_type_Month-to-month,cat__location_New York,General Outreach,374.8
CUST_0124,0.49008510515617354,Medium,num__num_support_tickets,num__tenure_months,num__total_charges,General Outreach,775.01
CUST_0125,0.3371155363326695,Low,num__monthly_charges,num__num_support_tickets,num__total_charges,General Outreach,287.33
CUST_0126,0.4234344589640031,Medium,cat__payment_method_Credit card,cat__contract_type_One year,cat__contract_type_Month-to-month,General Outreach,820.42
CUST_0127,0.38437908720504804,Low,num__total_charges,num__tenure_months,cat__payment_method_Credit card,General Outreach,930.08
CUST_0128,0.3559374270643209,Low,num__monthly_charges,num__num_support_tickets,num__total_charges,General Outreach,500.73
CUST_0129,0.7314994907406885,High,num__monthly_charges,num__num_support_tickets,cat__contract_type_Month-to-month,General Outreach,1269.1
CUST_0130,0.6764734865815233,Medium,num__num_support_tickets,cat__contract_type_Month-to-month,num__age,General Outreach,826.48
CUST_0131,0.31899845683055383,Low,num__num_support_tickets,num__total_charges,num__tenure_months,General Outreach,964.79
CUST_0132,0.6658935503390597,Medium,cat__contract_type_Month-to-month,num__tenure_months,num__total_charges,General Outreach,781.31
CUST_0133,0.4290470969621151,Medium,num__tenure_months,cat__payment_method_Credit card,num__total_charges,General Outreach,851.42
CUST_0134,0.35483874166819585,Low,num__monthly_charges,cat__payment_method_Credit card,num__total_charges,General Outreach,378.25
CUST_0135,0.831436688616742,High,num__monthly_charges,num__num_support_tickets,num__tenure_months,General Outreach,1311.08
CUST_0136,0.8443482540288798,High,num__num_support_tickets,num__monthly_charges,cat__contract_type_Month-to-month,General Outreach,1251.35
CUST_0137,0.7159580665151525,High,num__monthly_charges,num__num_support_tickets,cat__contract_type_Month-to-month,General Outreach,501.99
CUST_0138,0.8496393167243802,High,num__monthly_charges,num__num_support_tickets,cat__contract_type_Month-to-month,General Outreach,1204.43
CUST_0139,0.4177262687652281,Medium,num__monthly_charges,num__num_support_tickets,cat__contract_type_One year,General Outreach,711.34
CUST_0140,0.6187176197652192,Medium,num__monthly_charges,num__total_charges,num__num_support_tickets,General Outreach,1523.8
CUST_0141,0.3723793417950642,Low,num__total_charges,num__num_support_tickets,num__tenure_months,General Outreach,809.86
CUST_0142,0.5031725779543511,Medium,num__monthly_charges,num__total_charges,num__num_support_tickets,General Outreach,1363.69
CUST_0143,0.573636453158904,Medium,num__monthly_charges,num__total_charges,num__num_support_tickets,General Outreach,1302.04
CUST_0144,0.7868518029912943,High,num__num_support_tickets,num__monthly_charges,num__tenure_months,General Outreach,577.33
CUST_0145,0.45775352843265227,Medium,num__num_support_tickets,num__total_charges,cat__contract_type_Month-to-month,General Outreach,1043.9
CUST_0146,0.5653371391061468,Medium,num__monthly_charges,cat__payment_method_Credit card,num__total_charges,General Outreach,596.28
CUST_0147,0.5427209901819484,Medium,num__total_charges,cat__contract_type_Month-to-month,num__tenure_months,General Outreach,951.35
CUST_0148,0.6185641215816096,Medium,num__monthly_charges,num__total_charges,num__num_support_tickets,General Outreach,1490.39
CUST_0149,0.7503470115345264,High,num__monthly_charges,num__tenure_months,cat__contract_type_Month-to-month,General Outreach,974.18
CUST_0150,0.5734099751328567,Medium,num__monthly_charges,num__num_support_tickets,num__total_charges,General Outreach,291.09
CUST_0151,0.3021141621862149,Low,num__monthly_charges,cat__contract_type_Month-to-month,num__num_support_tickets,General Outreach,273.91
CUST_0152,0.3952216230857763,Low,num__monthly_charges,cat__contract_type_Month-to-month,num__total_charges,General Outreach,304.69
CUST_0153,0.7374167043554087,High,num__monthly_charges,num__total_charges,cat__contract_type_Month-to-month,General Outreach,1131.1
CUST_0154,0.44797096993264635,Medium,num__num_support_tickets,num__tenure_months,num__total_charges,General Outreach,729.66
CUST_0155,0.4986406912885,Medium,num__monthly_charges,num__num_support_tickets,cat__payment_method_Credit card,General Outreach,472.48
CUST_0156,0.7346637892024642,High,num__num_support_tickets,num__monthly_charges,num__tenure_months,General Outreach,1082.95
CUST_0157,0.5234362305061745,Medium,num__monthly_charges,num__num_support_tickets,num__total_charges,General Outreach,382.27
CUST_0158,0.42735591595016015,Medium,num__num_support_tickets,num__monthly_charges,cat__payment_method_Credit card,General Outreach,756.92
CUST_0159,0.6014677689846407,Medium,num__num_support_tickets,cat__contract_type_One year,cat__payment_method_Electronic check,General Outreach,884.93
CUST_0160,0.25525413419974774,Low,num__monthly_charges,num__num_support_tickets,cat__contract_type_Month-to-month,General Outreach,518.53
CUST_0161,0.7042486316221274,High,cat__contract_type_Month-to-month,num__tenure_months,num__total_charges,General Outreach,938.13
CUST_0162,0.724185385848144,High,num__monthly_charges,num__num_support_tickets,num__tenure_months,General Outreach,1287.38
CUST_0163,0.3324606508765456,Low,num__monthly_charges,num__total_charges,num__num_support_tickets,General Outreach,336.0
CUST_0164,0.6641298562350918,Medium,num__tenure_months,num__total_charges,cat__payment_method_Credit card,General Outreach,801.81
CUST_0165,0.5620414604207716,Medium,num__num_support_tickets,num__total_charges,num__tenure_months,General Outreach,814.41
CUST_0166,0.48270722923814274,Medium,num__num_support_tickets,num__monthly_charges,cat__contract_type_One year,General Outreach,1025.05
CUST_0167,0.7601774632982592,High,num__num_support_tickets,num__monthly_charges,cat__location_New York,General Outreach,935.89
CUST_0168,0.8210203627466093,High,num__num_support_tickets,num__monthly_charges,cat__contract_type_One year,General Outreach,1250.68
CUST_0169,0.27718648574451354,Low,num__num_support_tickets,num__monthly_charges,num__age,General Outreach,586.81
CUST_0170,0.7554166128114781,High,num__monthly_charges,cat__contract_type_Month-to-month,num__total_charges,General Outreach,1340.21
CUST_0171,0.35026524932099024,Low,num__monthly_charges,num__num_support_tickets,cat__contract_type_Month-to-month,General Outreach,370.76
CUST_0172,0.6826122572867057,Medium,num__monthly_charges,cat__contract_type_Month-to-month,num__total_charges,General Outreach,1360.09
CUST_0173,0.6474039190504901,Medium,num__monthly_charges,num__tenure_months,num__total_charges,General Outreach,353.8
CUST_0174,0.6112275723351355,Medium,cat__location_New York,num__num_support_tickets,cat__contract_type_One year,General Outreach,924.27
CUST_0175,0.8830168267497372,High,num__num_support_tickets,num__tenure_months,cat__contract_type_Month-to-month,General Outreach,903.35
CUST_0176,0.8155791767813285,High,num__monthly_charges,num__tenure_months,cat__payment_method_Credit card,General Outreach,1482.03
CUST_0177,0.3692475752320889,Low,num__monthly_charges,num__total_charges,num__tenure_months,General Outreach,266.55
CUST_0178,0.4289373778995027,Medium,num__monthly_charges,num__total_charges,num__tenure_months,General Outreach,712.64
CUST_0179,0.6566138353503259,Medium,num__num_support_tickets,num__monthly_charges,num__total_charges,General Outreach,1239.24
CUST_0180,0.8497287568706422,High,num__monthly_charges,num__num_support_tickets,cat__contract_type_Month-to-month,General Outreach,1462.54
CUST_0181,0.8572986469704938,High,num__monthly_charges,num__num_support_tickets,cat__contract_type_Month-to-month,General Outreach,1150.22
CUST_0182,0.4805730965359208,Medium,num__num_support_tickets,num__monthly_charges,num__total_charges,General Outreach,765.79
CUST_0183,0.34223335006712224,Low,num__num_support_tickets,num__tenure_months,num__total_charges,General Outreach,843.15
CUST_0184,0.7156940672161602,High,num__monthly_charges,cat__contract_type_One year,num__tenure_months,General Outreach,1464.08
CUST_0185,0.6326774963348916,Medium,cat__contract_type_Month-to-month,num__total_charges,num__monthly_charges,General Outreach,926.01
CUST_0186,0.1431269131267569,Low,num__monthly_charges,num__num_support_tickets,num__total_charges,General Outreach,299.58
CUST_0187,0.5637498306518556,Medium,num__num_support_tickets,num__monthly_charges,num__total_charges,General Outreach,1019.36
CUST_0188,0.5066683371530845,Medium,num__num_support_tickets,cat__contract_type_Month-to-month,num__monthly_charges,General Outreach,663.13
CUST_0189,0.4042114875486764,Medium,num__total_charges,num__monthly_charges,num__tenure_months,General Outreach,1050.38
CUST_0190,0.24528477361523837,Low,num__num_support_tickets,num__total_charges,num__monthly_charges,General Outreach,1212.56
CUST_0191,0.7267718792382472,High,num__monthly_charges,cat__contract_type_Month-to-month,num__age,General Outreach,1230.06
CUST_0192,0.721012341026158,High,num__monthly_charges,num__total_charges,num__num_support_tickets,General Outreach,1527.11
CUST_0193,0.5570515077443692,Medium,num__monthly_charges,num__num_support_tickets,num__age,General Outreach,1080.92
CUST_0194,0.7481734934192559,High,num__num_support_tickets,cat__contract_type_Month-to-month,cat__location_New York,General Outreach,941.05
CUST_0195,0.4111026031443768,Medium,num__monthly_charges,cat__payment_method_Credit card,cat__location_Los Angeles,General Outreach,545.9
CUST_0196,0.7605582624917144,High,num__num_support_tickets,num__total_charges,num__tenure_months,General Outreach,841.57
CUST_0197,0.7969981453250943,High,num__monthly_charges,num__num_support_tickets,cat__contract_type_Month-to-month,General Outreach,1353.78
CUST_0198,0.5068063008541531,Medium,num__num_support_tickets,num__monthly_charges,cat__location_New York,General Outreach,1062.31
CUST_0199,0.5574345441598454,Medium,num__monthly_charges,num__num_support_tickets,num__tenure_months,General Outreach,435.02
CUST_0200,0.8081049167528109,High,num__num_support_tickets,cat__contract_type_Month-to-month,num__tenure_months,General Outreach,793.3
CUST_0201,0.8718426409139899,High,num__monthly_charges,num__num_support_tickets,cat__contract_type_Month-to-month,General Outreach,1201.19
CUST_0202,0.4154246301209423,Medium,num__monthly_charges,num__num_support_tickets,num__total_charges,General Outreach,640.44
CUST_0203,0.6364369503442187,Medium,num__monthly_charges,num__total_charges,num__tenure_months,General Outreach,1402.67
CUST_0204,0.7684985731723808,High,num__monthly_charges,num__num_support_tickets,cat__contract_type_Month-to-month,General Outreach,1527.21
CUST_0205,0.5772763171597107,Medium,num__monthly_charges,num__num_support_tickets,num__tenure_months,General Outreach,663.97
CUST_0206,0.6587080677319874,Medium,num__monthly_charges,num__num_support_tickets,num__tenure_months,General Outreach,539.18
CUST_0207,0.2817723045091889,Low,num__num_support_tickets,num__monthly_charges,num__age,General Outreach,842.48
CUST_0208,0.690882300095689,Medium,num__num_support_tickets,num__monthly_charges,cat__contract_type_Month-to-month,General Outreach,591.75
CUST_0209,0.8864992742834226,High,num__monthly_charges,num__num_support_tickets,num__tenure_months,General Outreach,1355.76
CUST_0210,0.6072834291775949,Medium,num__monthly_charges,num__num_support_tickets,num__tenure_months,General Outreach,1063.82
CUST_0211,0.6303855672258055,Medium,cat__contract_type_Month-to-month,num__num_support_tickets,cat__payment_method_Credit card,General Outreach,877.91
CUST_0212,0.41094346565496814,Medium,num__monthly_charges,num__total_charges,num__tenure_months,General Outreach,1132.81
CUST_0213,0.42722310395015356,Medium,num__monthly_charges,cat__contract_type_Month-to-month,num__tenure_months,General Outreach,533.58
CUST_0214,0.4201283037096999,Medium,num__monthly_charges,num__total_charges,cat__contract_type_One year,General Outreach,698.83
CUST_0215,0.2654057402692574,Low,num__num_support_tickets,cat__payment_method_Electronic check,cat__contract_type_Month-to-month,General Outreach,850.14
CUST_0216,0.24396186450445825,Low,num__monthly_charges,num__num_support_tickets,num__age,General Outreach,297.98
CUST_0217,0.4149966415213012,Medium,num__monthly_charges,num__num_support_tickets,num__total_charges,General Outreach,655.54
CUST_0218,0.29218218879529323,Low,num__monthly_charges,num__num_support_tickets,cat__payment_method_Credit card,General Outreach,445.95
CUST_0219,0.8192877073426381,High,num__monthly_charges,num__num_support_tickets,cat__contract_type_Month-to-month,General Outreach,1468.39
CUST_0220,0.5712133032445591,Medium,num__num_support_tickets,num__tenure_months,cat__location_New York,General Outreach,852.18
CUST_0221,0.6827484062885691,Medium,num__monthly_charges,num__num_support_tickets,num__tenure_months,General Outreach,260.16
CUST_0222,0.7333892635336224,High,num__num_support_tickets,num__total_charges,num__tenure_months,General Outreach,924.08
CUST_0223,0.419876055259634,Medium,num__num_support_tickets,cat__location_New York,num__monthly_charges,General Outreach,842.69
CUST_0224,0.691818008584027,Medium,num__num_support_tickets,num__monthly_charges,cat__payment_method_Credit card,General Outreach,647.12
CUST_0225,0.7120774168497739,High,num__monthly_charges,num__num_support_tickets,num__total_charges,General Outreach,1221.24
CUST_0226,0.8046493512905849,High,num__monthly_charges,cat__contract_type_Month-to-month,num__num_support_tickets,General Outreach,1422.9
CUST_0227,0.6188129698744176,Medium,cat__location_New York,cat__payment_method_Electronic check,num__num_support_tickets,General Outreach,885.95
CUST_0228,0.39819051365601194,Low,num__monthly_charges,num__num_support_tickets,num__total_charges,General Outreach,376.46
CUST_0229,0.6173837404662336,Medium,num__monthly_charges,num__num_support_tickets,cat__location_New York,General Outreach,1284.33
CUST_0230,0.513828444729411,Medium,num__monthly_charges,num__num_support_tickets,cat__payment_method_Electronic check,General Outreach,1157.93
CUST_0231,0.44860100638967454,Medium,num__monthly_charges,num__num_support_tickets,num__total_charges,General Outreach,321.97
CUST_0232,0.23201422641451344,Low,num__monthly_charges,num__num_support_tickets,num__total_charges,General Outreach,287.01
CUST_0233,0.725008952102161,High,num__monthly_charges,num__num_support_tickets,cat__contract_type_Month-to-month,General Outreach,1191.95
CUST_0234,0.25270814407949843,Low,num__monthly_charges,num__num_support_tickets,cat__contract_type_One year,General Outreach,574.38
CUST_0235,0.7345225374292491,High,num__num_support_tickets,num__monthly_charges,cat__contract_type_One year,General Outreach,1018.21
CUST_0236,0.6636374458032256,Medium,num__num_support_tickets,cat__contract_type_Month-to-month,num__monthly_charges,General Outreach,737.58
CUST_0237,0.6733668160206648,Medium,num__monthly_charges,cat__contract_type_Month-to-month,num__age,General Outreach,1434.67
CUST_0238,0.633486566926757,Medium,num__monthly_charges,num__num_support_tickets,cat__contract_type_Month-to-month,General Outreach,1242.3
CUST_0239,0.27045775138499084,Low,num__monthly_charges,num__num_support_tickets,num__total_charges,General Outreach,1238.66
CUST_0240,0.6375415351377058,Medium,num__num_support_tickets,num__monthly_charges,cat__payment_method_Credit card,General Outreach,1093.68
CUST_0241,0.7852168005646726,High,num__num_support_tickets,num__monthly_charges,cat__contract_type_Month-to-month,General Outreach,997.39
CUST_0242,0.7339935458131603,High,num__monthly_charges,num__total_charges,cat__contract_type_Month-to-month,General Outreach,1287.76
CUST_0243,0.5996416990939628,Medium,num__num_support_tickets,cat__payment_method_Credit card,cat__contract_type_One year,General Outreach,874.93
CUST_0244,0.7266868505720532,High,num__monthly_charges,num__tenure_months,cat__contract_type_One year,General Outreach,1226.5
CUST_0245,0.6251319955048441,Medium,num__tenure_months,num__total_charges,cat__payment_method_Credit card,General Outreach,696.1
CUST_0246,0.8099541505924821,High,num__monthly_charges,num__num_support_tickets,cat__location_Los Angeles,General Outreach,1263.72
CUST_0247,0.5718807425333515,Medium,num__monthly_charges,num__total_charges,cat__payment_method_Credit card,General Outreach,474.26
CUST_0248,0.4402334872357752,Medium,num__monthly_charges,num__num_support_tickets,cat__contract_type_Month-to-month,General Outreach,516.13
CUST_0249,0.43051061691990133,Medium,num__monthly_charges,num__num_support_tickets,num__tenure_months,General Outreach,362.74
CUST_0250,0.2216419252149655,Low,num__monthly_charges,num__num_support_tickets,cat__payment_method_Electronic check,General Outreach,689.69
CUST_0251,0.5550663893304043,Medium,num__monthly_charges,cat__contract_type_Month-to-month,num__total_charges,General Outreach,527.46
CUST_0252,0.4735236089777758,Medium,num__monthly_charges,num__num_support_tickets,num__tenure_months,General Outreach,432.11
CUST_0253,0.8958051685364918,High,num__monthly_charges,num__num_support_tickets,cat__contract_type_Month-to-month,General Outreach,1359.21
CUST_0254,0.49283883658684075,Medium,num__monthly_charges,num__num_support_tickets,num__total_charges,General Outreach,989.65
CUST_0255,0.6705032277957422,Medium,num__num_support_tickets,cat__payment_method_Credit card,cat__contract_type_Month-to-month,General Outreach,933.37
CUST_0256,0.7568658460609857,High,num__monthly_charges,cat__contract_type_Month-to-month,cat__payment_method_Credit card,General Outreach,1230.97
CUST_0257,0.45441488806890606,Medium,num__monthly_charges,num__num_support_tickets,cat__contract_type_One year,General Outreach,640.5
CUST_0258,0.6690031610344723,Medium,num__monthly_charges,num__total_charges,cat__location_New York,General Outreach,1181.33
CUST_0259,0.21537533697179734,Low,num__monthly_charges,num__tenure_months,cat__contract_type_One year,General Outreach,553.0
CUST_0260,0.8012997647512207,High,num__monthly_charges,num__num_support_tickets,num__tenure_months,General Outreach,1359.36
CUST_0261,0.5636884470345706,Medium,num__tenure_months,num__total_charges,num__num_support_tickets,General Outreach,853.68
CUST_0262,0.6813520173778634,Medium,num__num_support_tickets,cat__location_New York,num__age,General Outreach,721.71
CUST_0263,0.7456365995990974,High,num__monthly_charges,num__num_support_tickets,cat__contract_type_One year,General Outreach,1493.77
CUST_0264,0.42418539098173097,Medium,num__monthly_charges,num__num_support_tickets,num__total_charges,General Outreach,1387.59
CUST_0265,0.3171510600343931,Low,num__monthly_charges,cat__contract_type_Month-to-month,num__num_support_tickets,General Outreach,259.25
CUST_0266,0.6927048130051515,Medium,num__monthly_charges,num__num_support_tickets,cat__contract_type_Month-to-month,General Outreach,331.85
CUST_0267,0.4284359565389718,Medium,num__monthly_charges,num__num_support_tickets,num__total_charges,General Outreach,242.26
CUST_0268,0.5413535702758655,Medium,num__monthly_charges,cat__contract_type_Month-to-month,num__total_charges,General Outreach,1122.31
CUST_0269,0.43377699502718464,Medium,num__num_support_tickets,num__monthly_charges,num__total_charges,General Outreach,649.29
CUST_0270,0.36056792771452506,Low,num__monthly_charges,num__num_support_tickets,cat__location_New York,General Outreach,686.12
CUST_0271,0.7367193263493125,High,cat__contract_type_Month-to-month,num__tenure_months,num__monthly_charges,General Outreach,899.72
CUST_0272,0.8328767811885593,High,num__monthly_charges,num__tenure_months,num__total_charges,General Outreach,1284.37
CUST_0273,0.5278264928192081,Medium,num__num_support_tickets,cat__payment_method_Electronic check,cat__contract_type_Month-to-month,General Outreach,762.34
CUST_0274,0.6815896744890928,Medium,num__monthly_charges,num__total_charges,num__tenure_months,General Outreach,729.92
CUST_0275,0.31683361798625737,Low,num__num_support_tickets,num__monthly_charges,num__tenure_months,General Outreach,555.37
CUST_0276,0.6279552364143186,Medium,num__num_support_tickets,num__monthly_charges,cat__contract_type_Month-to-month,General Outreach,970.25
CUST_0277,0.6837257736715919,Medium,num__num_support_tickets,cat__location_New York,num__monthly_charges,General Outreach,861.79
CUST_0278,0.9395791957526456,High,num__monthly_charges,num__num_support_tickets,cat__contract_type_Month-to-month,General Outreach,1298.05
CUST_0279,0.6822094825575952,Medium,num__monthly_charges,num__tenure_months,num__total_charges,General Outreach,1143.03
CUST_0280,0.40747153556254195,Medium,num__num_support_tickets,num__monthly_charges,cat__contract_type_One year,General Outreach,1068.43
CUST_0281,0.4746887591097946,Medium,num__num_support_tickets,num__monthly_charges,num__tenure_months,General Outreach,626.05
CUST_0282,0.6024471063321033,Medium,num__monthly_charges,num__num_support_tickets,num__tenure_months,General Outreach,1240.71
CUST_0283,0.5762456714246315,Medium,num__monthly_charges,cat__contract_type_Month-to-month,num__total_charges,General Outreach,635.12
CUST_0284,0.38875362742405295,Low,num__monthly_charges,num__total_charges,num__num_support_tickets,General Outreach,1521.46
CUST_0285,0.304050445935606,Low,num__tenure_months,num__total_charges,num__monthly_charges,General Outreach,825.8
CUST_0286,0.7549809637858029,High,num__monthly_charges,cat__contract_type_Month-to-month,num__num_support_tickets,General Outreach,1215.77
CUST_0287,0.8930462006732903,High,num__monthly_charges,num__tenure_months,num__total_charges,General Outreach,1157.54
CUST_0288,0.49583104206053036,Medium,num__monthly_charges,num__num_support_tickets,cat__payment_method_Credit card,General Outreach,379.42
CUST_0289,0.12697625106304344,Low,num__monthly_charges,num__num_support_tickets,num__tenure_months,General Outreach,365.17
CUST_0290,0.7265863513884333,High,num__monthly_charges,cat__location_New York,num__num_support_tickets,General Outreach,1217.26
CUST_0291,0.7092694853995711,High,num__monthly_charges,num__num_support_tickets,cat__contract_type_Month-to-month,General Outreach,1164.02
CUST_0292,0.45444170997496935,Medium,num__num_support_tickets,cat__contract_type_Month-to-month,num__monthly_charges,General Outreach,830.41
CUST_0293,0.434509497641743,Medium,num__monthly_charges,num__total_charges,cat__location_New York,General Outreach,317.92
CUST_0294,0.5018120607924897,Medium,num__num_support_tickets,cat__contract_type_Month-to-month,num__total_charges,General Outreach,962.34
CUST_0295,0.7012697471286055,High,num__num_support_tickets,num__monthly_charges,num__total_charges,General Outreach,437.98
CUST_0296,0.5732707808991477,Medium,num__monthly_charges,num__num_support_tickets,num__age,General Outreach,1223.12
CUST_0297,0.5175125957476983,Medium,num__num_support_tickets,cat__contract_type_One year,cat__contract_type_Month-to-month,General Outreach,787.66
CUST_0298,0.8014812705809174,High,num__num_support_tickets,num__tenure_months,num__total_charges,General Outreach,959.72
CUST_0299,0.3723648203348198,Low,num__monthly_charges,num__num_support_tickets,num__total_charges,General Outreach,444.63
CUST_0300,0.5653022579172344,Medium,num__num_support_tickets,num__total_charges,num__tenure_months,General Outreach,873.46
CUST_0301,0.630539293610872,Medium,num__monthly_charges,num__num_support_tickets,num__tenure_months,General Outreach,1322.7
CUST_0302,0.5810056741741864,Medium,num__num_support_tickets,num__monthly_charges,cat__contract_type_Month-to-month,General Outreach,1043.85
CUST_0303,0.5766923233354706,Medium,num__monthly_charges,cat__contract_type_Month-to-month,num__total_charges,General Outreach,545.24
CUST_0304,0.45527252455842293,Medium,num__num_support_tickets,cat__contract_type_Month-to-month,num__tenure_months,General Outreach,842.9
CUST_0305,0.5373726754104794,Medium,num__monthly_charges,num__num_support_tickets,cat__location_New York,General Outreach,1101.3
CUST_0306,0.6633511797029499,Medium,num__monthly_charges,cat__contract_type_Month-to-month,num__tenure_months,General Outreach,665.82
CUST_0307,0.3568307043909768,Low,num__monthly_charges,num__num_support_tickets,cat__contract_type_One year,General Outreach,424.18
CUST_0308,0.5412433797534869,Medium,num__monthly_charges,num__num_support_tickets,cat__payment_method_Credit card,General Outreach,356.03
CUST_0309,0.19482757923278302,Low,num__monthly_charges,num__num_support_tickets,num__tenure_months,General Outreach,381.57
CUST_0310,0.34783693729480913,Low,num__monthly_charges,num__num_support_tickets,num__tenure_months,General Outreach,590.29
CUST_0311,0.6329943136409617,Medium,num__monthly_charges,num__total_charges,num__num_support_tickets,General Outreach,1361.18
CUST_0312,0.5330865383794787,Medium,num__num_support_tickets,cat__contract_type_Month-to-month,num__monthly_charges,General Outreach,753.22
CUST_0313,0.2441633382910742,Low,num__monthly_charges,num__num_support_tickets,num__total_charges,General Outreach,475.11
CUST_0314,0.23585866619200768,Low,num__monthly_charges,num__num_support_tickets,num__tenure_months,General Outreach,445.42
CUST_0315,0.4284786954516735,Medium,num__monthly_charges,num__num_support_tickets,num__total_charges,General Outreach,330.48
CUST_0316,0.18440856988211649,Low,num__monthly_charges,num__num_support_tickets,num__tenure_months,General Outreach,525.4
CUST_0317,0.30531027327004284,Low,num__num_support_tickets,num__tenure_months,num__total_charges,General Outreach,808.32
CUST_0318,0.23962646564931717,Low,num__monthly_charges,cat__location_New York,num__tenure_months,General Outreach,297.29
CUST_0319,0.39595341785085914,Low,num__tenure_months,cat__contract_type_Month-to-month,num__monthly_charges,General Outreach,787.02
CUST_0320,0.39782105425972936,Low,num__num_support_tickets,cat__location_New York,cat__contract_type_Month-to-month,General Outreach,876.56
CUST_0321,0.7840042846203402,High,num__monthly_charges,cat__contract_type_Month-to-month,num__num_support_tickets,General Outreach,1275.83
CUST_0322,0.3293941357038092,Low,num__num_support_tickets,num__monthly_charges,num__age,General Outreach,630.67
CUST_0323,0.8613150572993329,High,num__monthly_charges,num__num_support_tickets,num__tenure_months,General Outreach,1092.17
CUST_0324,0.7499939016341218,High,num__monthly_charges,num__total_charges,cat__location_New York,General Outreach,1320.66
CUST_0325,0.626233438071521,Medium,num__num_support_tickets,num__monthly_charges,cat__payment_method_Credit card,General Outreach,656.85
CUST_0326,0.32197230624089485,Low,num__monthly_charges,num__num_support_tickets,num__total_charges,General Outreach,1294.11
CUST_0327,0.7074517615659286,High,num__monthly_charges,num__total_charges,cat__contract_type_Month-to-month,General Outreach,1385.59
CUST_0328,0.6231707744489852,Medium,num__monthly_charges,num__total_charges,cat__contract_type_Month-to-month,General Outreach,1132.53
CUST_0329,0.8927781661382386,High,num__monthly_charges,num__num_support_tickets,cat__contract_type_Month-to-month,General Outreach,1104.3
CUST_0330,0.2659677147673952,Low,num__monthly_charges,num__num_support_tickets,num__tenure_months,General Outreach,320.18
CUST_0331,0.5532309062892273,Medium,num__num_support_tickets,cat__location_New York,cat__payment_method_Electronic check,General Outreach,801.72
CUST_0332,0.7584714272075129,High,num__num_support_tickets,num__tenure_months,num__total_charges,General Outreach,754.2
CUST_0333,0.3016153769872022,Low,num__monthly_charges,num__num_support_tickets,num__tenure_months,General Outreach,285.86
CUST_0334,0.44215136879648625,Medium,num__monthly_charges,cat__contract_type_One year,cat__payment_method_Electronic check,General Outreach,1172.25
CUST_0335,0.38568920195669304,Low,num__monthly_charges,num__num_support_tickets,num__total_charges,General Outreach,1351.94
CUST_0336,0.6025614647099607,Medium,num__monthly_charges,cat__contract_type_Month-to-month,cat__location_Los Angeles,General Outreach,1024.16
CUST_0337,0.5165556705034123,Medium,num__num_support_tickets,num__monthly_charges,num__total_charges,General Outreach,1116.79
CUST_0338,0.49092331820055024,Medium,num__monthly_charges,num__num_support_tickets,cat__contract_type_Month-to-month,General Outreach,1459.71
CUST_0339,0.5979942839369946,Medium,num__num_support_tickets,num__age,cat__contract_type_Month-to-month,General Outreach,794.63
CUST_0340,0.4038469226310767,Medium,num__monthly_charges,num__num_support_tickets,cat__contract_type_One year,General Outreach,1008.97
CUST_0341,0.7264262834204733,High,num__monthly_charges,num__num_support_tickets,num__total_charges,General Outreach,1373.53
CUST_0342,0.46431015397695863,Medium,num__num_support_tickets,cat__contract_type_Month-to-month,num__age,General Outreach,848.2
CUST_0343,0.8050466712154593,High,num__num_support_tickets,num__monthly_charges,cat__contract_type_One year,General Outreach,1206.28
CUST_0344,0.4692386102792483,Medium,num__num_support_tickets,num__tenure_months,num__total_charges,General Outreach,816.55
CUST_0345,0.4969045208499989,Medium,num__monthly_charges,num__tenure_months,num__total_charges,General Outreach,299.89
CUST_0346,0.5315751976954363,Medium,num__monthly_charges,num__num_support_tickets,cat__location_New York,General Outreach,1072.92
CUST_0347,0.528686626481383,Medium,num__num_support_tickets,cat__contract_type_One year,cat__payment_method_Electronic check,General Outreach,848.15
CUST_0348,0.6664437993913742,Medium,num__monthly_charges,cat__contract_type_Month-to-month,num__total_charges,General Outreach,413.74
CUST_0349,0.43300311688384396,Medium,num__num_support_tickets,num__monthly_charges,num__total_charges,General Outreach,646.71
CUST_0350,0.5337554354709304,Medium,num__num_support_tickets,num__monthly_charges,num__tenure_months,General Outreach,999.79
CUST_0351,0.787364326247448,High,num__num_support_tickets,num__monthly_charges,num__tenure_months,General Outreach,616.09
CUST_0352,0.36800794512662227,Low,num__monthly_charges,cat__contract_type_Month-to-month,num__num_support_tickets,General Outreach,397.75
CUST_0353,0.28948161279145995,Low,num__monthly_charges,num__num_support_tickets,cat__location_New York,General Outreach,417.83
CUST_0354,0.5657672583036841,Medium,num__monthly_charges,num__num_support_tickets,num__tenure_months,General Outreach,1269.29
CUST_0355,0.583222879140799,Medium,num__num_support_tickets,cat__contract_type_Month-to-month,cat__payment_method_Credit card,General Outreach,853.32
CUST_0356,0.6647933716287927,Medium,num__monthly_charges,num__num_support_tickets,cat__contract_type_Month-to-month,General Outreach,1302.65
CUST_0357,0.39501073511335216,Low,num__num_support_tickets,num__monthly_charges,num__total_charges,General Outreach,750.65
CUST_0358,0.3383932526441692,Low,num__monthly_charges,num__num_support_tickets,cat__contract_type_Month-to-month,General Outreach,345.94
CUST_0359,0.7263659309441314,High,num__num_support_tickets,num__monthly_charges,cat__contract_type_Month-to-month,General Outreach,1047.54
CUST_0360,0.7118817013646971,High,num__monthly_charges,num__num_support_tickets,num__tenure_months,General Outreach,1256.63
CUST_0361,0.5527082050931921,Medium,num__monthly_charges,num__total_charges,cat__location_New York,General Outreach,1063.28
CUST_0362,0.4984302198578743,Medium,num__monthly_charges,num__total_charges,num__num_support_tickets,General Outreach,1213.41
CUST_0363,0.3222774042154874,Low,num__total_charges,num__tenure_months,num__monthly_charges,General Outreach,1000.66
CUST_0364,0.6588677863524478,Medium,num__monthly_charges,num__num_support_tickets,cat__contract_type_Month-to-month,General Outreach,375.05
CUST_0365,0.44625506754776917,Medium,num__num_support_tickets,num__total_charges,num__tenure_months,General Outreach,974.28
CUST_0366,0.8070861519613113,High,num__num_support_tickets,num__monthly_charges,cat__contract_type_Month-to-month,General Outreach,1064.21
CUST_0367,0.3182734545438577,Low,num__monthly_charges,num__num_support_tickets,num__total_charges,General Outreach,309.27
CUST_0368,0.5916209667646296,Medium,num__monthly_charges,cat__contract_type_Month-to-month,num__total_charges,General Outreach,401.53
CUST_0369,0.5110874540490941,Medium,num__num_support_tickets,num__tenure_months,cat__contract_type_One year,General Outreach,710.68
CUST_0370,0.6228378745432214,Medium,num__monthly_charges,num__num_support_tickets,num__total_charges,General Outreach,1251.55
CUST_0371,0.5115029808593018,Medium,num__monthly_charges,num__total_charges,num__num_support_tickets,General Outreach,1546.63
CUST_0372,0.5480583934591836,Medium,num__num_support_tickets,num__total_charges,num__monthly_charges,General Outreach,972.21
CUST_0373,0.4846916775748598,Medium,num__num_support_tickets,num__monthly_charges,cat__location_New York,General Outreach,1165.03
CUST_0374,0.5391197272629843,Medium,num__num_support_tickets,num__tenure_months,num__total_charges,General Outreach,844.93
CUST_0375,0.1858554267105752,Low,num__monthly_charges,num__num_support_tickets,cat__contract_type_Month-to-month,General Outreach,345.72
CUST_0376,0.7317919768899314,High,num__monthly_charges,num__tenure_months,cat__contract_type_Month-to-month,General Outreach,1130.61
CUST_0377,0.36145769191161,Low,num__monthly_charges,num__tenure_months,cat__payment_method_Credit card,General Outreach,642.65
CUST_0378,0.8777856911445318,High,num__monthly_charges,num__num_support_tickets,num__tenure_months,General Outreach,1225.64
CUST_0379,0.7928758009623305,High,num__num_support_tickets,num__monthly_charges,cat__contract_type_Month-to-month,General Outreach,647.89
CUST_0380,0.29894822394623294,Low,num__monthly_charges,num__num_support_tickets,cat__location_New York,General Outreach,518.08
CUST_0381,0.697260988856973,Medium,num__num_support_tickets,num__monthly_charges,cat__location_New York,General Outreach,918.25
CUST_0382,0.21242692373469066,Low,num__monthly_charges,num__num_support_tickets,num__tenure_months,General Outreach,469.66
CUST_0383,0.751740026664139,High,num__monthly_charges,cat__payment_method_Credit card,cat__contract_type_One year,General Outreach,1226.87
CUST_0384,0.8419784483574976,High,num__num_support_tickets,num__monthly_charges,num__tenure_months,General Outreach,989.26
CUST_0385,0.22416248857752422,Low,num__num_support_tickets,num__monthly_charges,cat__location_New York,General Outreach,549.49
CUST_0386,0.3193145388199292,Low,num__num_support_tickets,num__monthly_charges,num__total_charges,General Outreach,628.51
CUST_0387,0.677606916016455,Medium,num__monthly_charges,cat__contract_type_Month-to-month,num__total_charges,General Outreach,510.75
CUST_0388,0.49080444956639435,Medium,num__monthly_charges,num__total_charges,cat__contract_type_Month-to-month,General Outreach,332.76
CUST_0389,0.3733911638831327,Low,num__num_support_tickets,num__monthly_charges,num__total_charges,General Outreach,920.19
CUST_0390,0.4940794104886883,Medium,num__monthly_charges,num__total_charges,num__tenure_months,General Outreach,642.65
CUST_0391,0.4135496607667879,Medium,num__num_support_tickets,num__tenure_months,num__total_charges,General Outreach,856.81
CUST_0392,0.8856053545571141,High,num__monthly_charges,num__num_support_tickets,cat__contract_type_Month-to-month,General Outreach,1261.6
CUST_0393,0.33737629900994137,Low,num__monthly_charges,cat__contract_type_One year,cat__contract_type_Month-to-month,General Outreach,532.04
CUST_0394,0.585239399258267,Medium,num__num_support_tickets,num__monthly_charges,cat__payment_method_Credit card,General Outreach,1039.03
CUST_0395,0.5064274051491846,Medium,num__monthly_charges,num__num_support_tickets,cat__payment_method_Credit card,General Outreach,1043.36
CUST_0396,0.4556214263733255,Medium,num__monthly_charges,cat__contract_type_One year,cat__payment_method_Electronic check,General Outreach,949.64
CUST_0397,0.8206804150013597,High,num__monthly_charges,cat__contract_type_Month-to-month,num__total_charges,General Outreach,1449.45
CUST_0398,0.5812671559251036,Medium,num__monthly_charges,num__total_charges,cat__contract_type_One year,General Outreach,1290.11
CUST_0399,0.44628518373798093,Medium,num__monthly_charges,num__num_support_tickets,num__tenure_months,General Outreach,435.29
CUST_0400,0.7882807597518787,High,num__monthly_charges,num__num_support_tickets,num__age,General Outreach,1320.15
CUST_0401,0.2369472154999959,Low,num__monthly_charges,num__num_support_tickets,num__total_charges,General Outreach,400.85
CUST_0402,0.6397287584109425,Medium,num__monthly_charges,num__num_support_tickets,cat__contract_type_Month-to-month,General Outreach,451.38
CUST_0403,0.2995496910572379,Low,num__monthly_charges,num__num_support_tickets,num__tenure_months,General Outreach,487.66
CUST_0404,0.8442443433600266,High,num__monthly_charges,num__num_support_tickets,num__total_charges,General Outreach,1350.81
CUST_0405,0.7304556037987949,High,num__num_support_tickets,num__monthly_charges,cat__contract_type_Month-to-month,General Outreach,1027.85
CUST_0406,0.6389359426970153,Medium,num__monthly_charges,num__num_support_tickets,num__total_charges,General Outreach,1100.19
CUST_0407,0.6135008326978829,Medium,num__num_support_tickets,cat__contract_type_Month-to-month,num__tenure_months,General Outreach,833.77
CUST_0408,0.8150271931555967,High,num__monthly_charges,num__num_support_tickets,cat__contract_type_Month-to-month,General Outreach,1124.41
CUST_0409,0.25901468965460284,Low,num__monthly_charges,num__num_support_tickets,num__total_charges,General Outreach,357.22
CUST_0410,0.8439352719883464,High,num__num_support_tickets,cat__contract_type_Month-to-month,cat__location_New York,General Outreach,925.02
CUST_0411,0.6159064550855903,Medium,num__num_support_tickets,cat__contract_type_Month-to-month,num__total_charges,General Outreach,1031.75
CUST_0412,0.8010702604370692,High,num__monthly_charges,num__num_support_tickets,cat__payment_method_Credit card,General Outreach,1013.41
CUST_0413,0.8359387200922657,High,num__num_support_tickets,cat__contract_type_Month-to-month,cat__payment_method_Credit card,General Outreach,885.54
CUST_0414,0.8149935167218401,High,num__num_support_tickets,cat__contract_type_Month-to-month,num__total_charges,General Outreach,883.63
CUST_0415,0.6170477751014649,Medium,num__monthly_charges,num__total_charges,num__num_support_tickets,General Outreach,1364.45
CUST_0416,0.5169562095927217,Medium,num__num_support_tickets,cat__payment_method_Credit card,cat__location_New York,General Outreach,873.75
CUST_0417,0.3854211828941641,Low,num__monthly_charges,num__num_support_tickets,num__tenure_months,General Outreach,404.57
CUST_0418,0.5283789636071339,Medium,num__num_support_tickets,num__monthly_charges,num__total_charges,General Outreach,528.71
CUST_0419,0.5622362370889024,Medium,num__monthly_charges,cat__location_New York,cat__contract_type_Month-to-month,General Outreach,662.94
CUST_0420,0.3290451623783988,Low,num__monthly_charges,num__num_support_tickets,num__total_charges,General Outreach,1156.26
CUST_0421,0.8774783791379637,High,num__monthly_charges,num__num_support_tickets,num__tenure_months,General Outreach,1106.0
CUST_0422,0.6995155791175207,Medium,num__monthly_charges,num__num_support_tickets,num__total_charges,General Outreach,1414.26
CUST_0423,0.7363567186131995,High,num__monthly_charges,num__num_support_tickets,num__tenure_months,General Outreach,437.08
CUST_0424,0.5125831827266141,Medium,num__num_support_tickets,num__monthly_charges,num__total_charges,General Outreach,709.21
CUST_0425,0.12602544166118856,Low,num__monthly_charges,num__num_support_tickets,num__tenure_months,General Outreach,270.17
CUST_0426,0.7693355454992049,High,cat__contract_type_Month-to-month,num__monthly_charges,cat__payment_method_Credit card,General Outreach,921.45
CUST_0427,0.42659080052171056,Medium,num__monthly_charges,num__num_support_tickets,num__tenure_months,General Outreach,630.31
CUST_0428,0.6695100464581946,Medium,num__monthly_charges,num__num_support_tickets,cat__location_New York,General Outreach,1240.12
CUST_0429,0.5766502174052401,Medium,num__monthly_charges,num__tenure_months,num__total_charges,General Outreach,661.47
CUST_0430,0.49801697075552953,Medium,num__num_support_tickets,num__monthly_charges,num__total_charges,General Outreach,492.34
CUST_0431,0.8254736640850731,High,num__monthly_charges,num__num_support_tickets,cat__contract_type_One year,General Outreach,1375.43
CUST_0432,0.7061004745001872,High,num__monthly_charges,num__num_support_tickets,cat__contract_type_Month-to-month,General Outreach,510.33
CUST_0433,0.4838690141806533,Medium,num__monthly_charges,num__total_charges,num__tenure_months,General Outreach,1387.47
CUST_0434,0.5490907978656221,Medium,num__num_support_tickets,num__monthly_charges,cat__contract_type_Month-to-month,General Outreach,579.33
CUST_0435,0.7244436135918264,High,num__monthly_charges,num__total_charges,num__num_support_tickets,General Outreach,1277.11
CUST_0436,0.5268992571270115,Medium,num__num_support_tickets,cat__contract_type_One year,num__monthly_charges,General Outreach,878.56
CUST_0437,0.3369044085931016,Low,num__monthly_charges,num__num_support_tickets,cat__contract_type_One year,General Outreach,448.25
CUST_0438,0.6023459035253735,Medium,num__monthly_charges,num__num_support_tickets,cat__payment_method_Credit card,General Outreach,1303.77
CUST_0439,0.7540380438911186,High,num__num_support_tickets,num__monthly_charges,cat__payment_method_Credit card,General Outreach,778.7
CUST_0440,0.19323524331127073,Low,num__monthly_charges,num__num_support_tickets,num__total_charges,General Outreach,357.12
CUST_0441,0.5278870207254622,Medium,num__monthly_charges,cat__contract_type_Month-to-month,cat__contract_type_One year,General Outreach,660.49
CUST_0442,0.5248080543609789,Medium,num__monthly_charges,num__num_support_tickets,cat__contract_type_Month-to-month,General Outreach,659.05
CUST_0443,0.7075690268068116,High,num__monthly_charges,cat__location_New York,num__num_support_tickets,General Outreach,1023.17
CUST_0444,0.3012136894681183,Low,num__monthly_charges,cat__contract_type_One year,num__total_charges,General Outreach,524.67
CUST_0445,0.2960355554408966,Low,num__monthly_charges,num__num_support_tickets,cat__contract_type_Month-to-month,General Outreach,455.04
CUST_0446,0.4884438651704544,Medium,num__monthly_charges,num__num_support_tickets,cat__contract_type_Month-to-month,General Outreach,329.16
CUST_0447,0.526145211623611,Medium,num__monthly_charges,cat__contract_type_Month-to-month,num__total_charges,General Outreach,323.92
CUST_0448,0.3572301053416077,Low,num__monthly_charges,num__total_charges,num__tenure_months,General Outreach,280.39
CUST_0449,0.6738760362812977,Medium,num__monthly_charges,num__num_support_tickets,num__tenure_months,General Outreach,1391.2
CUST_0450,0.4613401552568372,Medium,num__num_support_tickets,cat__payment_method_Credit card,cat__location_New York,General Outreach,796.08
CUST_0451,0.4151241528727594,Medium,num__monthly_charges,num__total_charges,num__tenure_months,General Outreach,1227.03
CUST_0452,0.9207091742860142,High,num__monthly_charges,num__num_support_tickets,num__tenure_months,General Outreach,1170.26
CUST_0453,0.6622270825721834,Medium,num__monthly_charges,num__num_support_tickets,cat__contract_type_One year,General Outreach,1005.48
CUST_0454,0.3897337786375572,Low,num__monthly_charges,num__num_support_tickets,cat__contract_type_Month-to-month,General Outreach,478.35
CUST_0455,0.7587020587952092,High,num__num_support_tickets,num__monthly_charges,cat__contract_type_Month-to-month,General Outreach,683.74
CUST_0456,0.35838124775085284,Low,num__monthly_charges,num__num_support_tickets,num__total_charges,General Outreach,335.12
CUST_0457,0.24807912523328893,Low,num__monthly_charges,num__num_support_tickets,num__total_charges,General Outreach,354.78
CUST_0458,0.5439338453339817,Medium,num__monthly_charges,num__num_support_tickets,cat__payment_method_Credit card,General Outreach,1159.47
CUST_0459,0.7561558757938606,High,num__num_support_tickets,cat__contract_type_Month-to-month,num__monthly_charges,General Outreach,788.65
CUST_0460,0.6247096563129272,Medium,num__monthly_charges,num__num_support_tickets,num__tenure_months,General Outreach,1165.05
CUST_0461,0.5464291570909904,Medium,num__num_support_tickets,num__monthly_charges,cat__payment_method_Credit card,General Outreach,1016.41
CUST_0462,0.6477123284051115,Medium,num__num_support_tickets,num__monthly_charges,cat__contract_type_Month-to-month,General Outreach,1066.06
CUST_0463,0.426513278394086,Medium,num__num_support_tickets,num__monthly_charges,num__total_charges,General Outreach,959.33
CUST_0464,0.7754748150171512,High,num__monthly_charges,num__num_support_tickets,num__tenure_months,General Outreach,1063.9
CUST_0465,0.6033763039427459,Medium,cat__location_New York,cat__contract_type_One year,cat__contract_type_Month-to-month,General Outreach,878.7
CUST_0466,0.4769218622585825,Medium,num__monthly_charges,cat__contract_type_Month-to-month,cat__location_New York,General Outreach,627.67
CUST_0467,0.44002780222033155,Medium,num__monthly_charges,num__num_support_tickets,num__total_charges,General Outreach,586.08
CUST_0468,0.337766397436105,Low,num__num_support_tickets,num__monthly_charges,cat__payment_method_Credit card,General Outreach,668.34
CUST_0469,0.2644129643678147,Low,num__monthly_charges,num__num_support_tickets,num__total_charges,General Outreach,393.31
CUST_0470,0.5180855971301546,Medium,num__num_support_tickets,num__monthly_charges,cat__location_New York,General Outreach,1050.07
CUST_0471,0.38975677978152773,Low,num__total_charges,num__monthly_charges,num__tenure_months,General Outreach,1032.18
CUST_0472,0.7381637637787132,High,num__monthly_charges,num__num_support_tickets,num__tenure_months,General Outreach,1299.63
CUST_0473,0.5451412627993804,Medium,num__num_support_tickets,cat__location_New York,cat__contract_type_Month-to-month,General Outreach,924.02
CUST_0474,0.7298694116056512,High,num__num_support_tickets,cat__payment_method_Electronic check,cat__contract_type_Month-to-month,General Outreach,989.72
CUST_0475,0.5416346589235796,Medium,cat__contract_type_Month-to-month,num__monthly_charges,cat__contract_type_One year,General Outreach,744.04
CUST_0476,0.5083946554104674,Medium,num__monthly_charges,num__num_support_tickets,num__total_charges,General Outreach,1257.12
CUST_0477,0.49041264424683695,Medium,num__monthly_charges,cat__payment_method_Credit card,num__total_charges,General Outreach,503.37
CUST_0478,0.41128973938915164,Medium,num__monthly_charges,cat__location_New York,num__tenure_months,General Outreach,633.48
CUST_0479,0.6407643884352783,Medium,num__monthly_charges,num__num_support_tickets,cat__contract_type_One year,General Outreach,1194.19
CUST_0480,0.7731825866705893,High,num__monthly_charges,num__num_support_tickets,num__tenure_months,General Outreach,1211.2
CUST_0481,0.46728329838695215,Medium,num__num_support_tickets,num__monthly_charges,cat__contract_type_Month-to-month,General Outreach,1110.51
CUST_0482,0.2637790202505113,Low,num__num_support_tickets,cat__contract_type_Month-to-month,cat__location_Los Angeles,General Outreach,926.72
CUST_0483,0.7059705175931619,High,num__monthly_charges,cat__payment_method_Credit card,cat__contract_type_One year,General Outreach,1200.59
CUST_0484,0.4894791113741932,Medium,num__num_support_tickets,cat__contract_type_Month-to-month,num__total_charges,General Outreach,838.95
CUST_0485,0.4972039764678586,Medium,num__total_charges,num__tenure_months,cat__contract_type_Month-to-month,General Outreach,933.42
CUST_0486,0.39773101601332905,Low,num__monthly_charges,num__tenure_months,cat__contract_type_Month-to-month,General Outreach,613.81
CUST_0487,0.6214122384873949,Medium,num__num_support_tickets,cat__payment_method_Credit card,num__monthly_charges,General Outreach,749.2
CUST_0488,0.7413597405982192,High,num__monthly_charges,cat__payment_method_Credit card,num__age,General Outreach,1432.12
CUST_0489,0.33347519979585477,Low,num__monthly_charges,num__num_support_tickets,cat__location_New York,General Outreach,515.37
CUST_0490,0.27451731451597083,Low,num__monthly_charges,num__tenure_months,cat__location_New York,General Outreach,299.09
CUST_0491,0.6323127235265232,Medium,num__monthly_charges,cat__contract_type_Month-to-month,num__age,General Outreach,935.99
CUST_0492,0.6595440757377226,Medium,num__monthly_charges,num__total_charges,num__tenure_months,General Outreach,1420.83
CUST_0493,0.44617964984455377,Medium,num__monthly_charges,num__total_charges,num__tenure_months,General Outreach,563.12
CUST_0494,0.7222605349226981,High,num__monthly_charges,cat__contract_type_Month-to-month,num__total_charges,General Outreach,1471.31
CUST_0495,0.6949166689435917,Medium,num__monthly_charges,num__num_support_tickets,cat__contract_type_Month-to-month,General Outreach,441.44
CUST_0496,0.6661080466131795,Medium,num__num_support_tickets,num__total_charges,num__monthly_charges,General Outreach,758.15
CUST_0497,0.603274296593542,Medium,num__monthly_charges,num__num_support_tickets,num__total_charges,General Outreach,671.35
CUST_0498,0.19269963380041835,Low,num__monthly_charges,num__num_support_tickets,num__total_charges,General Outreach,343.18
CUST_0499,0.4787747419134556,Medium,num__num_support_tickets,num__monthly_charges,cat__payment_method_Credit card,General Outreach,561.92
CUST_0500,0.7718411883995788,High,num__num_support_tickets,cat__contract_type_Month-to-month,num__monthly_charges,General Outreach,1002.95
